{
  "dataset_name": "EXTERNAL (yxjacksn/Collected_Separate)",
  "model_file": "model.pt",
  "n_evaluated": 500,
  "mean_m": 124.12189914608591,
  "median_m": 116.37983398146827,
  "rmse_m": 144.1794735149905,
  "std_m": 73.35853553219779,
  "p75_m": 171.01968139029822,
  "p90_m": 237.99076562953596,
  "p95_m": 256.45550434757234,
  "p99_m": 289.10964828264827,
  "acc": {
    "@1m": 0.2,
    "@2m": 0.4,
    "@5m": 0.6,
    "@10m": 2.4,
    "@25m": 8.200000000000001,
    "@50m": 16.8,
    "@100m": 43.2,
    "@200m": 81.6
  },
  "mean_dlat_m": 1.4012417320318509,
  "mean_dlon_m": -4.493433608591439,
  "avg_infer_ms": 4.786458547983784,
  "throughput_img_s": 208.92273274177487
}