{
  "dataset_name": "INTERNAL (geo_data/data.csv)",
  "model_file": "model.pt",
  "n_evaluated": 500,
  "mean_m": 1.3377121686935425,
  "median_m": 0.8483499884605408,
  "rmse_m": 1.9115033149719238,
  "std_m": 1.365419626235962,
  "p75_m": 1.8196334838867188,
  "p90_m": 3.0563297271728516,
  "p95_m": 4.291314125061035,
  "p99_m": 6.817887306213379,
  "acc": {
    "@1m": 55.400000000000006,
    "@2m": 78.0,
    "@5m": 97.2,
    "@10m": 100.0,
    "@25m": 100.0,
    "@50m": 100.0,
    "@100m": 100.0,
    "@200m": 100.0
  },
  "mean_dlat_m": 0.1477789282798767,
  "mean_dlon_m": 0.01041711401194334,
  "avg_infer_ms": 9.141990625998005,
  "throughput_img_s": 109.38536702894866
}