{
  "dataset_name": "EXTERNAL (HF: yxjacksn/Collected_Separate/train)",
  "model_file": "model.pt",
  "device": "cuda",
  "n_requested": 500,
  "n_processed": 500,
  "n_skipped": 0,
  "batch_size": 32,
  "sample_size": 500,
  "lat_min": 39.9503059387207,
  "lat_max": 39.95281982421875,
  "lon_min": -75.19259643554688,
  "lon_max": -75.1900405883789,
  "approx_ns_m": 279.8457336425781,
  "approx_ew_m": 218.10675422111606,
  "mean_m": 97.41771697998047,
  "median_m": 93.62327575683594,
  "rmse_m": 109.82222747802734,
  "std_m": 50.70216369628906,
  "p75_m": 135.7520751953125,
  "p90_m": 167.92440795898438,
  "p95_m": 187.32574462890625,
  "p99_m": 215.10777282714844,
  "acc": {
    "@1m": 0.0,
    "@2m": 0.0,
    "@5m": 0.2,
    "@10m": 0.6,
    "@25m": 6.2,
    "@50m": 21.8,
    "@100m": 55.00000000000001,
    "@200m": 97.8
  },
  "mean_dlat_m": 3.017578125,
  "mean_dlon_m": -0.6523666977882385,
  "median_dlat_m": 8.917694091796875,
  "median_dlon_m": 3.9063897132873535,
  "clamp_rate_lat_pct": 0.0,
  "clamp_rate_lon_pct": 0.0,
  "gt_outside_model_bbox_pct": 0.0,
  "avg_infer_ms": 11.767562439970789,
  "total_infer_s": 5.883781219985394,
  "throughput_img_s": 84.97936638120633,
  "tail_ratio_p95_over_median": 2.0008458699462732,
  "mean_over_median": 1.0405288235481067
}