{
  "dataset_name": "INTERNAL (CSV)",
  "model_file": "model.pt",
  "device": "cuda",
  "n_requested": 500,
  "n_processed": 500,
  "n_skipped": 0,
  "batch_size": 32,
  "sample_size": 500,
  "lat_min": 39.950401306152344,
  "lat_max": 39.952701568603516,
  "lon_min": -75.19259643554688,
  "lon_max": -75.19020080566406,
  "approx_ns_m": 256.0652160644531,
  "approx_ew_m": 204.43577009535753,
  "mean_m": 26.03435707092285,
  "median_m": 16.345531463623047,
  "rmse_m": 36.796287536621094,
  "std_m": 26.003442764282227,
  "p75_m": 31.272483825683594,
  "p90_m": 61.69419479370117,
  "p95_m": 86.40008544921875,
  "p99_m": 116.78730010986328,
  "acc": {
    "@1m": 0.0,
    "@2m": 0.8,
    "@5m": 9.6,
    "@10m": 25.0,
    "@25m": 67.60000000000001,
    "@50m": 85.39999999999999,
    "@100m": 98.0,
    "@200m": 100.0
  },
  "mean_dlat_m": -0.21996979415416718,
  "mean_dlon_m": 0.2122485488653183,
  "median_dlat_m": 0.424652099609375,
  "median_dlon_m": 0.9766039848327637,
  "clamp_rate_lat_pct": 0.0,
  "clamp_rate_lon_pct": 0.0,
  "gt_outside_model_bbox_pct": 0.0,
  "avg_infer_ms": 16.44132873401395,
  "total_infer_s": 8.220664367006975,
  "throughput_img_s": 60.822334750304705,
  "tail_ratio_p95_over_median": 5.285853546059484,
  "mean_over_median": 1.5927507238820757
}